gpu,dtype,num_heads_q,batch_size,cache_seqlen,d_k,d_v,h_kv,s_q,block_size,time(us),bandwidth(GB/s)
H100-SXM-80GB,bfloat16,2,1,512,576,512,1,1,64,20,29.05
H100-SXM-80GB,bfloat16,2,1,1024,576,512,1,1,64,19,60.69
H100-SXM-80GB,bfloat16,2,1,2048,576,512,1,1,64,19,123.44
H100-SXM-80GB,bfloat16,2,1,4096,576,512,1,1,64,26,178.22
H100-SXM-80GB,bfloat16,2,1,8192,576,512,1,1,64,28,330.81
H100-SXM-80GB,bfloat16,2,1,16384,576,512,1,1,64,42,448.70
H100-SXM-80GB,bfloat16,2,1,32768,576,512,1,1,64,49,762.18
H100-SXM-80GB,bfloat16,2,1,65536,576,512,1,1,64,64,1170.58
H100-SXM-80GB,bfloat16,2,1,131072,576,512,1,1,64,88,1709.38
H100-SXM-80GB,bfloat16,2,2,512,576,512,1,1,64,19,61.36
H100-SXM-80GB,bfloat16,2,2,1024,576,512,1,1,64,19,123.36
H100-SXM-80GB,bfloat16,2,2,2048,576,512,1,1,64,20,234.33
H100-SXM-80GB,bfloat16,2,2,4096,576,512,1,1,64,22,418.15
H100-SXM-80GB,bfloat16,2,2,8192,576,512,1,1,64,29,629.15
H100-SXM-80GB,bfloat16,2,2,16384,576,512,1,1,64,37,1007.29
H100-SXM-80GB,bfloat16,2,2,32768,576,512,1,1,64,53,1422.45
H100-SXM-80GB,bfloat16,2,2,65536,576,512,1,1,64,77,1943.77
H100-SXM-80GB,bfloat16,2,2,131072,576,512,1,1,64,126,2396.62
H100-SXM-80GB,bfloat16,2,4,512,576,512,1,1,64,19,122.31
H100-SXM-80GB,bfloat16,2,4,1024,576,512,1,1,64,19,248.03
H100-SXM-80GB,bfloat16,2,4,2048,576,512,1,1,64,18,496.70
H100-SXM-80GB,bfloat16,2,4,4096,576,512,1,1,64,23,795.44
H100-SXM-80GB,bfloat16,2,4,8192,576,512,1,1,64,29,1297.28
H100-SXM-80GB,bfloat16,2,4,16384,576,512,1,1,64,46,1626.90
H100-SXM-80GB,bfloat16,2,4,32768,576,512,1,1,64,70,2127.73
H100-SXM-80GB,bfloat16,2,4,65536,576,512,1,1,64,119,2517.63
H100-SXM-80GB,bfloat16,2,4,131072,576,512,1,1,64,227,2659.18
H100-SXM-80GB,bfloat16,2,8,512,576,512,1,1,64,19,246.97
H100-SXM-80GB,bfloat16,2,8,1024,576,512,1,1,64,18,498.39
H100-SXM-80GB,bfloat16,2,8,2048,576,512,1,1,64,22,849.69
H100-SXM-80GB,bfloat16,2,8,4096,576,512,1,1,64,27,1371.85
H100-SXM-80GB,bfloat16,2,8,8192,576,512,1,1,64,46,1629.10
H100-SXM-80GB,bfloat16,2,8,16384,576,512,1,1,64,67,2242.70
H100-SXM-80GB,bfloat16,2,8,32768,576,512,1,1,64,116,2581.62
H100-SXM-80GB,bfloat16,2,8,65536,576,512,1,1,64,223,2707.07
H100-SXM-80GB,bfloat16,2,8,131072,576,512,1,1,64,420,2872.52
H100-SXM-80GB,bfloat16,2,16,512,576,512,1,1,64,19,489.29
H100-SXM-80GB,bfloat16,2,16,1024,576,512,1,1,64,19,965.98
H100-SXM-80GB,bfloat16,2,16,2048,576,512,1,1,64,25,1493.58
H100-SXM-80GB,bfloat16,2,16,4096,576,512,1,1,64,40,1860.11
H100-SXM-80GB,bfloat16,2,16,8192,576,512,1,1,64,70,2129.01
H100-SXM-80GB,bfloat16,2,16,16384,576,512,1,1,64,114,2630.34
H100-SXM-80GB,bfloat16,2,16,32768,576,512,1,1,64,223,2696.88
H100-SXM-80GB,bfloat16,2,16,65536,576,512,1,1,64,419,2881.78
H100-SXM-80GB,bfloat16,2,16,131072,576,512,1,1,64,812,2973.30
H100-SXM-80GB,bfloat16,2,32,512,576,512,1,1,64,22,831.90
H100-SXM-80GB,bfloat16,2,32,1024,576,512,1,1,64,25,1471.40
H100-SXM-80GB,bfloat16,2,32,2048,576,512,1,1,64,39,1895.75
H100-SXM-80GB,bfloat16,2,32,4096,576,512,1,1,64,64,2352.36
H100-SXM-80GB,bfloat16,2,32,8192,576,512,1,1,64,115,2625.88
H100-SXM-80GB,bfloat16,2,32,16384,576,512,1,1,64,212,2838.45
H100-SXM-80GB,bfloat16,2,32,32768,576,512,1,1,64,417,2890.02
H100-SXM-80GB,bfloat16,2,32,65536,576,512,1,1,64,809,2985.83
H100-SXM-80GB,bfloat16,2,32,131072,576,512,1,1,64,1592,3033.42
H100-SXM-80GB,bfloat16,2,64,512,576,512,1,1,64,28,1345.95
H100-SXM-80GB,bfloat16,2,64,1024,576,512,1,1,64,42,1773.20
H100-SXM-80GB,bfloat16,2,64,2048,576,512,1,1,64,66,2260.72
H100-SXM-80GB,bfloat16,2,64,4096,576,512,1,1,64,115,2609.01
H100-SXM-80GB,bfloat16,2,64,8192,576,512,1,1,64,213,2830.04
H100-SXM-80GB,bfloat16,2,64,16384,576,512,1,1,64,418,2884.54
H100-SXM-80GB,bfloat16,2,64,32768,576,512,1,1,64,807,2991.92
H100-SXM-80GB,bfloat16,2,64,65536,576,512,1,1,64,1589,3040.62
H100-SXM-80GB,bfloat16,2,64,131072,576,512,1,1,64,3152,3065.08
H100-SXM-80GB,bfloat16,2,128,512,576,512,1,1,64,37,2017.88
H100-SXM-80GB,bfloat16,2,128,1024,576,512,1,1,64,59,2536.45
H100-SXM-80GB,bfloat16,2,128,2048,576,512,1,1,64,108,2782.21
H100-SXM-80GB,bfloat16,2,128,4096,576,512,1,1,64,207,2916.35
H100-SXM-80GB,bfloat16,2,128,8192,576,512,1,1,64,406,2971.95
H100-SXM-80GB,bfloat16,2,128,16384,576,512,1,1,64,808,2987.13
H100-SXM-80GB,bfloat16,2,128,32768,576,512,1,1,64,1590,3037.21
H100-SXM-80GB,bfloat16,2,128,65536,576,512,1,1,64,3153,3064.51
H100-SXM-80GB,bfloat16,2,128,131072,576,512,1,1,64,6278,3078.38
H100-SXM-80GB,bfloat16,2,256,512,576,512,1,1,64,75,2008.38
H100-SXM-80GB,bfloat16,2,256,1024,576,512,1,1,64,119,2537.03
H100-SXM-80GB,bfloat16,2,256,2048,576,512,1,1,64,217,2780.89
H100-SXM-80GB,bfloat16,2,256,4096,576,512,1,1,64,412,2926.83
H100-SXM-80GB,bfloat16,2,256,8192,576,512,1,1,64,813,2970.27
H100-SXM-80GB,bfloat16,2,256,16384,576,512,1,1,64,1593,3033.13
H100-SXM-80GB,bfloat16,2,256,32768,576,512,1,1,64,3157,3060.74
H100-SXM-80GB,bfloat16,2,256,65536,576,512,1,1,64,6284,3075.35
H100-SXM-80GB,bfloat16,2,256,131072,576,512,1,1,64,12535,3083.73
H100-SXM-80GB,bfloat16,4,1,512,576,512,1,1,64,19,30.40
H100-SXM-80GB,bfloat16,4,1,1024,576,512,1,1,64,19,61.43
H100-SXM-80GB,bfloat16,4,1,2048,576,512,1,1,64,18,124.75
H100-SXM-80GB,bfloat16,4,1,4096,576,512,1,1,64,25,186.47
H100-SXM-80GB,bfloat16,4,1,8192,576,512,1,1,64,27,344.48
H100-SXM-80GB,bfloat16,4,1,16384,576,512,1,1,64,41,457.46
H100-SXM-80GB,bfloat16,4,1,32768,576,512,1,1,64,48,783.76
H100-SXM-80GB,bfloat16,4,1,65536,576,512,1,1,64,63,1180.88
H100-SXM-80GB,bfloat16,4,1,131072,576,512,1,1,64,89,1690.62
H100-SXM-80GB,bfloat16,4,2,512,576,512,1,1,64,19,61.34
H100-SXM-80GB,bfloat16,4,2,1024,576,512,1,1,64,19,124.05
H100-SXM-80GB,bfloat16,4,2,2048,576,512,1,1,64,19,244.58
H100-SXM-80GB,bfloat16,4,2,4096,576,512,1,1,64,21,440.72
H100-SXM-80GB,bfloat16,4,2,8192,576,512,1,1,64,28,655.13
H100-SXM-80GB,bfloat16,4,2,16384,576,512,1,1,64,37,1017.03
H100-SXM-80GB,bfloat16,4,2,32768,576,512,1,1,64,51,1468.74
H100-SXM-80GB,bfloat16,4,2,65536,576,512,1,1,64,77,1942.77
H100-SXM-80GB,bfloat16,4,2,131072,576,512,1,1,64,126,2380.23
H100-SXM-80GB,bfloat16,4,4,512,576,512,1,1,64,19,123.34
H100-SXM-80GB,bfloat16,4,4,1024,576,512,1,1,64,18,249.87
H100-SXM-80GB,bfloat16,4,4,2048,576,512,1,1,64,18,499.02
H100-SXM-80GB,bfloat16,4,4,4096,576,512,1,1,64,23,810.24
H100-SXM-80GB,bfloat16,4,4,8192,576,512,1,1,64,29,1301.24
H100-SXM-80GB,bfloat16,4,4,16384,576,512,1,1,64,46,1613.82
H100-SXM-80GB,bfloat16,4,4,32768,576,512,1,1,64,70,2132.07
H100-SXM-80GB,bfloat16,4,4,65536,576,512,1,1,64,119,2522.08
H100-SXM-80GB,bfloat16,4,4,131072,576,512,1,1,64,226,2663.10
H100-SXM-80GB,bfloat16,4,8,512,576,512,1,1,64,18,251.16
H100-SXM-80GB,bfloat16,4,8,1024,576,512,1,1,64,19,490.34
H100-SXM-80GB,bfloat16,4,8,2048,576,512,1,1,64,21,859.72
H100-SXM-80GB,bfloat16,4,8,4096,576,512,1,1,64,27,1392.35
H100-SXM-80GB,bfloat16,4,8,8192,576,512,1,1,64,45,1661.81
H100-SXM-80GB,bfloat16,4,8,16384,576,512,1,1,64,67,2237.84
H100-SXM-80GB,bfloat16,4,8,32768,576,512,1,1,64,116,2589.30
H100-SXM-80GB,bfloat16,4,8,65536,576,512,1,1,64,224,2693.71
H100-SXM-80GB,bfloat16,4,8,131072,576,512,1,1,64,420,2872.01
H100-SXM-80GB,bfloat16,4,16,512,576,512,1,1,64,19,494.98
H100-SXM-80GB,bfloat16,4,16,1024,576,512,1,1,64,19,951.50
H100-SXM-80GB,bfloat16,4,16,2048,576,512,1,1,64,24,1526.99
H100-SXM-80GB,bfloat16,4,16,4096,576,512,1,1,64,41,1819.88
H100-SXM-80GB,bfloat16,4,16,8192,576,512,1,1,64,71,2112.49
H100-SXM-80GB,bfloat16,4,16,16384,576,512,1,1,64,114,2639.43
H100-SXM-80GB,bfloat16,4,16,32768,576,512,1,1,64,222,2714.14
H100-SXM-80GB,bfloat16,4,16,65536,576,512,1,1,64,420,2872.33
H100-SXM-80GB,bfloat16,4,16,131072,576,512,1,1,64,814,2967.59
H100-SXM-80GB,bfloat16,4,32,512,576,512,1,1,64,23,815.69
H100-SXM-80GB,bfloat16,4,32,1024,576,512,1,1,64,26,1403.71
H100-SXM-80GB,bfloat16,4,32,2048,576,512,1,1,64,39,1887.85
H100-SXM-80GB,bfloat16,4,32,4096,576,512,1,1,64,64,2326.87
H100-SXM-80GB,bfloat16,4,32,8192,576,512,1,1,64,115,2625.42
H100-SXM-80GB,bfloat16,4,32,16384,576,512,1,1,64,213,2822.61
H100-SXM-80GB,bfloat16,4,32,32768,576,512,1,1,64,419,2876.43
H100-SXM-80GB,bfloat16,4,32,65536,576,512,1,1,64,812,2971.95
H100-SXM-80GB,bfloat16,4,32,131072,576,512,1,1,64,1595,3028.04
H100-SXM-80GB,bfloat16,4,64,512,576,512,1,1,64,28,1302.07
H100-SXM-80GB,bfloat16,4,64,1024,576,512,1,1,64,44,1707.41
H100-SXM-80GB,bfloat16,4,64,2048,576,512,1,1,64,66,2261.25
H100-SXM-80GB,bfloat16,4,64,4096,576,512,1,1,64,116,2596.38
H100-SXM-80GB,bfloat16,4,64,8192,576,512,1,1,64,214,2814.61
H100-SXM-80GB,bfloat16,4,64,16384,576,512,1,1,64,422,2857.74
H100-SXM-80GB,bfloat16,4,64,32768,576,512,1,1,64,808,2987.05
H100-SXM-80GB,bfloat16,4,64,65536,576,512,1,1,64,1592,3034.59
H100-SXM-80GB,bfloat16,4,64,131072,576,512,1,1,64,3156,3061.04
H100-SXM-80GB,bfloat16,4,128,512,576,512,1,1,64,37,2004.79
H100-SXM-80GB,bfloat16,4,128,1024,576,512,1,1,64,59,2517.24
H100-SXM-80GB,bfloat16,4,128,2048,576,512,1,1,64,108,2780.79
H100-SXM-80GB,bfloat16,4,128,4096,576,512,1,1,64,208,2899.38
H100-SXM-80GB,bfloat16,4,128,8192,576,512,1,1,64,407,2962.39
H100-SXM-80GB,bfloat16,4,128,16384,576,512,1,1,64,810,2980.14
H100-SXM-80GB,bfloat16,4,128,32768,576,512,1,1,64,1593,3031.74
H100-SXM-80GB,bfloat16,4,128,65536,576,512,1,1,64,3155,3062.10
H100-SXM-80GB,bfloat16,4,128,131072,576,512,1,1,64,6282,3076.37
H100-SXM-80GB,bfloat16,4,256,512,576,512,1,1,64,75,2006.88
H100-SXM-80GB,bfloat16,4,256,1024,576,512,1,1,64,119,2534.13
H100-SXM-80GB,bfloat16,4,256,2048,576,512,1,1,64,217,2776.35
H100-SXM-80GB,bfloat16,4,256,4096,576,512,1,1,64,413,2922.25
H100-SXM-80GB,bfloat16,4,256,8192,576,512,1,1,64,815,2964.14
H100-SXM-80GB,bfloat16,4,256,16384,576,512,1,1,64,1597,3025.41
H100-SXM-80GB,bfloat16,4,256,32768,576,512,1,1,64,3168,3049.84
H100-SXM-80GB,bfloat16,4,256,65536,576,512,1,1,64,6284,3075.43
H100-SXM-80GB,bfloat16,4,256,131072,576,512,1,1,64,12527,3085.47
H100-SXM-80GB,bfloat16,8,1,512,576,512,1,1,64,19,30.91
H100-SXM-80GB,bfloat16,8,1,1024,576,512,1,1,64,19,61.97
H100-SXM-80GB,bfloat16,8,1,2048,576,512,1,1,64,18,124.54
H100-SXM-80GB,bfloat16,8,1,4096,576,512,1,1,64,25,183.37
H100-SXM-80GB,bfloat16,8,1,8192,576,512,1,1,64,27,340.03
H100-SXM-80GB,bfloat16,8,1,16384,576,512,1,1,64,41,458.95
H100-SXM-80GB,bfloat16,8,1,32768,576,512,1,1,64,51,739.53
H100-SXM-80GB,bfloat16,8,1,65536,576,512,1,1,64,65,1159.13
H100-SXM-80GB,bfloat16,8,1,131072,576,512,1,1,64,89,1678.06
H100-SXM-80GB,bfloat16,8,2,512,576,512,1,1,64,19,61.02
H100-SXM-80GB,bfloat16,8,2,1024,576,512,1,1,64,19,123.53
H100-SXM-80GB,bfloat16,8,2,2048,576,512,1,1,64,19,239.99
H100-SXM-80GB,bfloat16,8,2,4096,576,512,1,1,64,21,433.85
H100-SXM-80GB,bfloat16,8,2,8192,576,512,1,1,64,28,652.15
H100-SXM-80GB,bfloat16,8,2,16384,576,512,1,1,64,38,982.44
H100-SXM-80GB,bfloat16,8,2,32768,576,512,1,1,64,54,1391.46
H100-SXM-80GB,bfloat16,8,2,65536,576,512,1,1,64,77,1947.70
H100-SXM-80GB,bfloat16,8,2,131072,576,512,1,1,64,127,2367.89
H100-SXM-80GB,bfloat16,8,4,512,576,512,1,1,64,19,122.99
H100-SXM-80GB,bfloat16,8,4,1024,576,512,1,1,64,18,248.67
H100-SXM-80GB,bfloat16,8,4,2048,576,512,1,1,64,19,493.32
H100-SXM-80GB,bfloat16,8,4,4096,576,512,1,1,64,23,788.27
H100-SXM-80GB,bfloat16,8,4,8192,576,512,1,1,64,29,1264.03
H100-SXM-80GB,bfloat16,8,4,16384,576,512,1,1,64,47,1594.71
H100-SXM-80GB,bfloat16,8,4,32768,576,512,1,1,64,71,2117.61
H100-SXM-80GB,bfloat16,8,4,65536,576,512,1,1,64,120,2498.45
H100-SXM-80GB,bfloat16,8,4,131072,576,512,1,1,64,227,2656.33
H100-SXM-80GB,bfloat16,8,8,512,576,512,1,1,64,19,245.22
H100-SXM-80GB,bfloat16,8,8,1024,576,512,1,1,64,19,494.39
H100-SXM-80GB,bfloat16,8,8,2048,576,512,1,1,64,22,833.18
H100-SXM-80GB,bfloat16,8,8,4096,576,512,1,1,64,27,1367.91
H100-SXM-80GB,bfloat16,8,8,8192,576,512,1,1,64,45,1658.22
H100-SXM-80GB,bfloat16,8,8,16384,576,512,1,1,64,67,2224.50
H100-SXM-80GB,bfloat16,8,8,32768,576,512,1,1,64,117,2577.44
H100-SXM-80GB,bfloat16,8,8,65536,576,512,1,1,64,224,2694.20
H100-SXM-80GB,bfloat16,8,8,131072,576,512,1,1,64,421,2866.53
H100-SXM-80GB,bfloat16,8,16,512,576,512,1,1,64,19,490.20
H100-SXM-80GB,bfloat16,8,16,1024,576,512,1,1,64,20,930.32
H100-SXM-80GB,bfloat16,8,16,2048,576,512,1,1,64,25,1482.76
H100-SXM-80GB,bfloat16,8,16,4096,576,512,1,1,64,41,1801.11
H100-SXM-80GB,bfloat16,8,16,8192,576,512,1,1,64,72,2096.58
H100-SXM-80GB,bfloat16,8,16,16384,576,512,1,1,64,115,2614.61
H100-SXM-80GB,bfloat16,8,16,32768,576,512,1,1,64,223,2706.43
H100-SXM-80GB,bfloat16,8,16,65536,576,512,1,1,64,421,2865.60
H100-SXM-80GB,bfloat16,8,16,131072,576,512,1,1,64,814,2966.09
H100-SXM-80GB,bfloat16,8,32,512,576,512,1,1,64,23,810.36
H100-SXM-80GB,bfloat16,8,32,1024,576,512,1,1,64,26,1402.92
H100-SXM-80GB,bfloat16,8,32,2048,576,512,1,1,64,41,1823.28
H100-SXM-80GB,bfloat16,8,32,4096,576,512,1,1,64,65,2319.53
H100-SXM-80GB,bfloat16,8,32,8192,576,512,1,1,64,116,2603.32
H100-SXM-80GB,bfloat16,8,32,16384,576,512,1,1,64,214,2811.48
H100-SXM-80GB,bfloat16,8,32,32768,576,512,1,1,64,421,2868.51
H100-SXM-80GB,bfloat16,8,32,65536,576,512,1,1,64,814,2967.78
H100-SXM-80GB,bfloat16,8,32,131072,576,512,1,1,64,1601,3016.31
H100-SXM-80GB,bfloat16,8,64,512,576,512,1,1,64,31,1202.49
H100-SXM-80GB,bfloat16,8,64,1024,576,512,1,1,64,43,1728.23
H100-SXM-80GB,bfloat16,8,64,2048,576,512,1,1,64,66,2261.19
H100-SXM-80GB,bfloat16,8,64,4096,576,512,1,1,64,117,2568.96
H100-SXM-80GB,bfloat16,8,64,8192,576,512,1,1,64,215,2805.14
H100-SXM-80GB,bfloat16,8,64,16384,576,512,1,1,64,421,2867.43
H100-SXM-80GB,bfloat16,8,64,32768,576,512,1,1,64,811,2976.49
H100-SXM-80GB,bfloat16,8,64,65536,576,512,1,1,64,1598,3022.17
H100-SXM-80GB,bfloat16,8,64,131072,576,512,1,1,64,3167,3050.72
H100-SXM-80GB,bfloat16,8,128,512,576,512,1,1,64,38,1980.45
H100-SXM-80GB,bfloat16,8,128,1024,576,512,1,1,64,60,2508.50
H100-SXM-80GB,bfloat16,8,128,2048,576,512,1,1,64,108,2776.92
H100-SXM-80GB,bfloat16,8,128,4096,576,512,1,1,64,208,2901.82
H100-SXM-80GB,bfloat16,8,128,8192,576,512,1,1,64,407,2962.30
H100-SXM-80GB,bfloat16,8,128,16384,576,512,1,1,64,816,2959.78
H100-SXM-80GB,bfloat16,8,128,32768,576,512,1,1,64,1601,3016.52
H100-SXM-80GB,bfloat16,8,128,65536,576,512,1,1,64,3165,3053.23
H100-SXM-80GB,bfloat16,8,128,131072,576,512,1,1,64,6288,3073.23
H100-SXM-80GB,bfloat16,8,256,512,576,512,1,1,64,75,2012.48
H100-SXM-80GB,bfloat16,8,256,1024,576,512,1,1,64,119,2531.03
H100-SXM-80GB,bfloat16,8,256,2048,576,512,1,1,64,217,2773.39
H100-SXM-80GB,bfloat16,8,256,4096,576,512,1,1,64,413,2918.63
H100-SXM-80GB,bfloat16,8,256,8192,576,512,1,1,64,820,2943.72
H100-SXM-80GB,bfloat16,8,256,16384,576,512,1,1,64,1608,3003.78
H100-SXM-80GB,bfloat16,8,256,32768,576,512,1,1,64,3174,3044.35
H100-SXM-80GB,bfloat16,8,256,65536,576,512,1,1,64,6294,3070.58
H100-SXM-80GB,bfloat16,8,256,131072,576,512,1,1,64,12544,3081.49
H100-SXM-80GB,bfloat16,16,1,512,576,512,1,1,64,18,31.14
H100-SXM-80GB,bfloat16,16,1,1024,576,512,1,1,64,19,61.31
H100-SXM-80GB,bfloat16,16,1,2048,576,512,1,1,64,19,123.86
H100-SXM-80GB,bfloat16,16,1,4096,576,512,1,1,64,26,177.77
H100-SXM-80GB,bfloat16,16,1,8192,576,512,1,1,64,28,327.27
H100-SXM-80GB,bfloat16,16,1,16384,576,512,1,1,64,42,447.67
H100-SXM-80GB,bfloat16,16,1,32768,576,512,1,1,64,51,736.84
H100-SXM-80GB,bfloat16,16,1,65536,576,512,1,1,64,67,1120.41
H100-SXM-80GB,bfloat16,16,1,131072,576,512,1,1,64,90,1677.21
H100-SXM-80GB,bfloat16,16,2,512,576,512,1,1,64,19,61.12
H100-SXM-80GB,bfloat16,16,2,1024,576,512,1,1,64,19,124.15
H100-SXM-80GB,bfloat16,16,2,2048,576,512,1,1,64,20,233.91
H100-SXM-80GB,bfloat16,16,2,4096,576,512,1,1,64,22,423.47
H100-SXM-80GB,bfloat16,16,2,8192,576,512,1,1,64,30,628.91
H100-SXM-80GB,bfloat16,16,2,16384,576,512,1,1,64,39,967.08
H100-SXM-80GB,bfloat16,16,2,32768,576,512,1,1,64,54,1376.85
H100-SXM-80GB,bfloat16,16,2,65536,576,512,1,1,64,78,1917.20
H100-SXM-80GB,bfloat16,16,2,131072,576,512,1,1,64,127,2362.12
H100-SXM-80GB,bfloat16,16,4,512,576,512,1,1,64,19,122.73
H100-SXM-80GB,bfloat16,16,4,1024,576,512,1,1,64,19,246.42
H100-SXM-80GB,bfloat16,16,4,2048,576,512,1,1,64,19,494.46
H100-SXM-80GB,bfloat16,16,4,4096,576,512,1,1,64,24,779.30
H100-SXM-80GB,bfloat16,16,4,8192,576,512,1,1,64,31,1213.53
H100-SXM-80GB,bfloat16,16,4,16384,576,512,1,1,64,48,1565.44
H100-SXM-80GB,bfloat16,16,4,32768,576,512,1,1,64,72,2093.75
H100-SXM-80GB,bfloat16,16,4,65536,576,512,1,1,64,121,2483.60
H100-SXM-80GB,bfloat16,16,4,131072,576,512,1,1,64,226,2660.77
H100-SXM-80GB,bfloat16,16,8,512,576,512,1,1,64,19,247.69
H100-SXM-80GB,bfloat16,16,8,1024,576,512,1,1,64,19,491.49
H100-SXM-80GB,bfloat16,16,8,2048,576,512,1,1,64,22,834.78
H100-SXM-80GB,bfloat16,16,8,4096,576,512,1,1,64,28,1308.24
H100-SXM-80GB,bfloat16,16,8,8192,576,512,1,1,64,45,1645.02
H100-SXM-80GB,bfloat16,16,8,16384,576,512,1,1,64,68,2192.67
H100-SXM-80GB,bfloat16,16,8,32768,576,512,1,1,64,117,2563.78
H100-SXM-80GB,bfloat16,16,8,65536,576,512,1,1,64,224,2692.88
H100-SXM-80GB,bfloat16,16,8,131072,576,512,1,1,64,423,2850.48
H100-SXM-80GB,bfloat16,16,16,512,576,512,1,1,64,19,491.92
H100-SXM-80GB,bfloat16,16,16,1024,576,512,1,1,64,20,935.83
H100-SXM-80GB,bfloat16,16,16,2048,576,512,1,1,64,27,1386.65
H100-SXM-80GB,bfloat16,16,16,4096,576,512,1,1,64,42,1771.19
H100-SXM-80GB,bfloat16,16,16,8192,576,512,1,1,64,72,2072.24
H100-SXM-80GB,bfloat16,16,16,16384,576,512,1,1,64,116,2586.45
H100-SXM-80GB,bfloat16,16,16,32768,576,512,1,1,64,224,2691.00
H100-SXM-80GB,bfloat16,16,16,65536,576,512,1,1,64,423,2854.74
H100-SXM-80GB,bfloat16,16,16,131072,576,512,1,1,64,820,2943.92
H100-SXM-80GB,bfloat16,16,32,512,576,512,1,1,64,23,801.79
H100-SXM-80GB,bfloat16,16,32,1024,576,512,1,1,64,28,1345.54
H100-SXM-80GB,bfloat16,16,32,2048,576,512,1,1,64,41,1827.63
H100-SXM-80GB,bfloat16,16,32,4096,576,512,1,1,64,65,2290.79
H100-SXM-80GB,bfloat16,16,32,8192,576,512,1,1,64,116,2596.53
H100-SXM-80GB,bfloat16,16,32,16384,576,512,1,1,64,214,2811.58
H100-SXM-80GB,bfloat16,16,32,32768,576,512,1,1,64,423,2853.89
H100-SXM-80GB,bfloat16,16,32,65536,576,512,1,1,64,818,2952.33
H100-SXM-80GB,bfloat16,16,32,131072,576,512,1,1,64,1611,2998.89
H100-SXM-80GB,bfloat16,16,64,512,576,512,1,1,64,31,1189.51
H100-SXM-80GB,bfloat16,16,64,1024,576,512,1,1,64,46,1624.02
H100-SXM-80GB,bfloat16,16,64,2048,576,512,1,1,64,67,2252.94
H100-SXM-80GB,bfloat16,16,64,4096,576,512,1,1,64,117,2567.04
H100-SXM-80GB,bfloat16,16,64,8192,576,512,1,1,64,216,2789.19
H100-SXM-80GB,bfloat16,16,64,16384,576,512,1,1,64,425,2841.04
H100-SXM-80GB,bfloat16,16,64,32768,576,512,1,1,64,819,2948.15
H100-SXM-80GB,bfloat16,16,64,65536,576,512,1,1,64,1610,3000.44
H100-SXM-80GB,bfloat16,16,64,131072,576,512,1,1,64,3183,3035.61
H100-SXM-80GB,bfloat16,16,128,512,576,512,1,1,64,38,1961.56
H100-SXM-80GB,bfloat16,16,128,1024,576,512,1,1,64,60,2483.80
H100-SXM-80GB,bfloat16,16,128,2048,576,512,1,1,64,109,2751.15
H100-SXM-80GB,bfloat16,16,128,4096,576,512,1,1,64,208,2895.13
H100-SXM-80GB,bfloat16,16,128,8192,576,512,1,1,64,408,2955.11
H100-SXM-80GB,bfloat16,16,128,16384,576,512,1,1,64,822,2935.66
H100-SXM-80GB,bfloat16,16,128,32768,576,512,1,1,64,1613,2994.81
H100-SXM-80GB,bfloat16,16,128,65536,576,512,1,1,64,3184,3034.44
H100-SXM-80GB,bfloat16,16,128,131072,576,512,1,1,64,6309,3063.41
H100-SXM-80GB,bfloat16,16,256,512,576,512,1,1,64,74,2026.75
H100-SXM-80GB,bfloat16,16,256,1024,576,512,1,1,64,119,2525.34
H100-SXM-80GB,bfloat16,16,256,2048,576,512,1,1,64,218,2766.60
H100-SXM-80GB,bfloat16,16,256,4096,576,512,1,1,64,414,2917.58
H100-SXM-80GB,bfloat16,16,256,8192,576,512,1,1,64,833,2896.96
H100-SXM-80GB,bfloat16,16,256,16384,576,512,1,1,64,1624,2974.21
H100-SXM-80GB,bfloat16,16,256,32768,576,512,1,1,64,3212,3008.08
H100-SXM-80GB,bfloat16,16,256,65536,576,512,1,1,64,6321,3057.58
H100-SXM-80GB,bfloat16,16,256,131072,576,512,1,1,64,12563,3076.69
H100-SXM-80GB,bfloat16,32,1,512,576,512,1,1,64,19,30.65
H100-SXM-80GB,bfloat16,32,1,1024,576,512,1,1,64,19,62.04
H100-SXM-80GB,bfloat16,32,1,2048,576,512,1,1,64,19,118.09
H100-SXM-80GB,bfloat16,32,1,4096,576,512,1,1,64,27,173.45
H100-SXM-80GB,bfloat16,32,1,8192,576,512,1,1,64,29,323.60
H100-SXM-80GB,bfloat16,32,1,16384,576,512,1,1,64,42,439.92
H100-SXM-80GB,bfloat16,32,1,32768,576,512,1,1,64,53,709.11
H100-SXM-80GB,bfloat16,32,1,65536,576,512,1,1,64,66,1128.53
H100-SXM-80GB,bfloat16,32,1,131072,576,512,1,1,64,93,1607.75
H100-SXM-80GB,bfloat16,32,2,512,576,512,1,1,64,19,61.90
H100-SXM-80GB,bfloat16,32,2,1024,576,512,1,1,64,19,123.79
H100-SXM-80GB,bfloat16,32,2,2048,576,512,1,1,64,21,221.68
H100-SXM-80GB,bfloat16,32,2,4096,576,512,1,1,64,23,404.60
H100-SXM-80GB,bfloat16,32,2,8192,576,512,1,1,64,30,608.86
H100-SXM-80GB,bfloat16,32,2,16384,576,512,1,1,64,41,905.38
H100-SXM-80GB,bfloat16,32,2,32768,576,512,1,1,64,56,1331.49
H100-SXM-80GB,bfloat16,32,2,65536,576,512,1,1,64,81,1863.24
H100-SXM-80GB,bfloat16,32,2,131072,576,512,1,1,64,130,2321.70
H100-SXM-80GB,bfloat16,32,4,512,576,512,1,1,64,19,122.02
H100-SXM-80GB,bfloat16,32,4,1024,576,512,1,1,64,19,248.16
H100-SXM-80GB,bfloat16,32,4,2048,576,512,1,1,64,20,469.90
H100-SXM-80GB,bfloat16,32,4,4096,576,512,1,1,64,25,741.25
H100-SXM-80GB,bfloat16,32,4,8192,576,512,1,1,64,34,1109.94
H100-SXM-80GB,bfloat16,32,4,16384,576,512,1,1,64,52,1431.54
H100-SXM-80GB,bfloat16,32,4,32768,576,512,1,1,64,75,1992.84
H100-SXM-80GB,bfloat16,32,4,65536,576,512,1,1,64,122,2460.25
H100-SXM-80GB,bfloat16,32,4,131072,576,512,1,1,64,230,2619.76
H100-SXM-80GB,bfloat16,32,8,512,576,512,1,1,64,19,246.63
H100-SXM-80GB,bfloat16,32,8,1024,576,512,1,1,64,19,493.95
H100-SXM-80GB,bfloat16,32,8,2048,576,512,1,1,64,23,800.92
H100-SXM-80GB,bfloat16,32,8,4096,576,512,1,1,64,31,1204.71
H100-SXM-80GB,bfloat16,32,8,8192,576,512,1,1,64,47,1599.13
H100-SXM-80GB,bfloat16,32,8,16384,576,512,1,1,64,74,2025.64
H100-SXM-80GB,bfloat16,32,8,32768,576,512,1,1,64,119,2522.12
H100-SXM-80GB,bfloat16,32,8,65536,576,512,1,1,64,227,2658.55
H100-SXM-80GB,bfloat16,32,8,131072,576,512,1,1,64,425,2840.72
H100-SXM-80GB,bfloat16,32,16,512,576,512,1,1,64,19,487.44
H100-SXM-80GB,bfloat16,32,16,1024,576,512,1,1,64,22,837.13
H100-SXM-80GB,bfloat16,32,16,2048,576,512,1,1,64,32,1174.27
H100-SXM-80GB,bfloat16,32,16,4096,576,512,1,1,64,45,1650.54
H100-SXM-80GB,bfloat16,32,16,8192,576,512,1,1,64,74,2028.53
H100-SXM-80GB,bfloat16,32,16,16384,576,512,1,1,64,118,2545.15
H100-SXM-80GB,bfloat16,32,16,32768,576,512,1,1,64,228,2647.36
H100-SXM-80GB,bfloat16,32,16,65536,576,512,1,1,64,427,2825.74
H100-SXM-80GB,bfloat16,32,16,131072,576,512,1,1,64,827,2921.08
H100-SXM-80GB,bfloat16,32,32,512,576,512,1,1,64,25,744.08
H100-SXM-80GB,bfloat16,32,32,1024,576,512,1,1,64,31,1185.05
H100-SXM-80GB,bfloat16,32,32,2048,576,512,1,1,64,43,1729.92
H100-SXM-80GB,bfloat16,32,32,4096,576,512,1,1,64,67,2226.72
H100-SXM-80GB,bfloat16,32,32,8192,576,512,1,1,64,118,2539.06
H100-SXM-80GB,bfloat16,32,32,16384,576,512,1,1,64,218,2762.83
H100-SXM-80GB,bfloat16,32,32,32768,576,512,1,1,64,426,2834.60
H100-SXM-80GB,bfloat16,32,32,65536,576,512,1,1,64,825,2925.38
H100-SXM-80GB,bfloat16,32,32,131072,576,512,1,1,64,1627,2967.97
H100-SXM-80GB,bfloat16,32,64,512,576,512,1,1,64,35,1071.78
H100-SXM-80GB,bfloat16,32,64,1024,576,512,1,1,64,49,1513.38
H100-SXM-80GB,bfloat16,32,64,2048,576,512,1,1,64,69,2158.78
H100-SXM-80GB,bfloat16,32,64,4096,576,512,1,1,64,120,2503.97
H100-SXM-80GB,bfloat16,32,64,8192,576,512,1,1,64,219,2753.12
H100-SXM-80GB,bfloat16,32,64,16384,576,512,1,1,64,432,2795.74
H100-SXM-80GB,bfloat16,32,64,32768,576,512,1,1,64,831,2904.22
H100-SXM-80GB,bfloat16,32,64,65536,576,512,1,1,64,1639,2947.34
H100-SXM-80GB,bfloat16,32,64,131072,576,512,1,1,64,3221,2999.50
H100-SXM-80GB,bfloat16,32,128,512,576,512,1,1,64,39,1912.00
H100-SXM-80GB,bfloat16,32,128,1024,576,512,1,1,64,62,2424.96
H100-SXM-80GB,bfloat16,32,128,2048,576,512,1,1,64,111,2702.78
H100-SXM-80GB,bfloat16,32,128,4096,576,512,1,1,64,210,2864.09
H100-SXM-80GB,bfloat16,32,128,8192,576,512,1,1,64,411,2935.24
H100-SXM-80GB,bfloat16,32,128,16384,576,512,1,1,64,849,2844.55
H100-SXM-80GB,bfloat16,32,128,32768,576,512,1,1,64,1648,2930.22
H100-SXM-80GB,bfloat16,32,128,65536,576,512,1,1,64,3211,3008.84
H100-SXM-80GB,bfloat16,32,128,131072,576,512,1,1,64,6342,3047.37
H100-SXM-80GB,bfloat16,32,256,512,576,512,1,1,64,78,1922.30
H100-SXM-80GB,bfloat16,32,256,1024,576,512,1,1,64,121,2482.11
H100-SXM-80GB,bfloat16,32,256,2048,576,512,1,1,64,221,2729.45
H100-SXM-80GB,bfloat16,32,256,4096,576,512,1,1,64,418,2888.32
H100-SXM-80GB,bfloat16,32,256,8192,576,512,1,1,64,866,2788.58
H100-SXM-80GB,bfloat16,32,256,16384,576,512,1,1,64,1672,2888.14
H100-SXM-80GB,bfloat16,32,256,32768,576,512,1,1,64,3241,2981.48
H100-SXM-80GB,bfloat16,32,256,65536,576,512,1,1,64,6364,3036.77
H100-SXM-80GB,bfloat16,32,256,131072,576,512,1,1,64,12606,3066.23
H100-SXM-80GB,bfloat16,64,1,512,576,512,1,1,64,18,31.35
H100-SXM-80GB,bfloat16,64,1,1024,576,512,1,1,64,18,62.66
H100-SXM-80GB,bfloat16,64,1,2048,576,512,1,1,64,22,105.57
H100-SXM-80GB,bfloat16,64,1,4096,576,512,1,1,64,29,161.79
H100-SXM-80GB,bfloat16,64,1,8192,576,512,1,1,64,31,302.07
H100-SXM-80GB,bfloat16,64,1,16384,576,512,1,1,64,49,380.56
H100-SXM-80GB,bfloat16,64,1,32768,576,512,1,1,64,62,608.63
H100-SXM-80GB,bfloat16,64,1,65536,576,512,1,1,64,73,1032.52
H100-SXM-80GB,bfloat16,64,1,131072,576,512,1,1,64,102,1478.85
H100-SXM-80GB,bfloat16,64,2,512,576,512,1,1,64,18,62.31
H100-SXM-80GB,bfloat16,64,2,1024,576,512,1,1,64,18,125.20
H100-SXM-80GB,bfloat16,64,2,2048,576,512,1,1,64,23,204.53
H100-SXM-80GB,bfloat16,64,2,4096,576,512,1,1,64,25,374.99
H100-SXM-80GB,bfloat16,64,2,8192,576,512,1,1,64,32,583.39
H100-SXM-80GB,bfloat16,64,2,16384,576,512,1,1,64,55,676.35
H100-SXM-80GB,bfloat16,64,2,32768,576,512,1,1,64,65,1157.80
H100-SXM-80GB,bfloat16,64,2,65536,576,512,1,1,64,95,1586.84
H100-SXM-80GB,bfloat16,64,2,131072,576,512,1,1,64,142,2116.78
H100-SXM-80GB,bfloat16,64,4,512,576,512,1,1,64,19,122.86
H100-SXM-80GB,bfloat16,64,4,1024,576,512,1,1,64,19,237.77
H100-SXM-80GB,bfloat16,64,4,2048,576,512,1,1,64,22,428.55
H100-SXM-80GB,bfloat16,64,4,4096,576,512,1,1,64,26,700.62
H100-SXM-80GB,bfloat16,64,4,8192,576,512,1,1,64,38,978.33
H100-SXM-80GB,bfloat16,64,4,16384,576,512,1,1,64,68,1095.82
H100-SXM-80GB,bfloat16,64,4,32768,576,512,1,1,64,94,1591.28
H100-SXM-80GB,bfloat16,64,4,65536,576,512,1,1,64,144,2096.25
H100-SXM-80GB,bfloat16,64,4,131072,576,512,1,1,64,240,2509.61
H100-SXM-80GB,bfloat16,64,8,512,576,512,1,1,64,19,245.68
H100-SXM-80GB,bfloat16,64,8,1024,576,512,1,1,64,20,464.90
H100-SXM-80GB,bfloat16,64,8,2048,576,512,1,1,64,27,697.82
H100-SXM-80GB,bfloat16,64,8,4096,576,512,1,1,64,37,997.89
H100-SXM-80GB,bfloat16,64,8,8192,576,512,1,1,64,52,1429.70
H100-SXM-80GB,bfloat16,64,8,16384,576,512,1,1,64,87,1730.60
H100-SXM-80GB,bfloat16,64,8,32768,576,512,1,1,64,136,2217.08
H100-SXM-80GB,bfloat16,64,8,65536,576,512,1,1,64,237,2546.88
H100-SXM-80GB,bfloat16,64,8,131072,576,512,1,1,64,443,2723.48
H100-SXM-80GB,bfloat16,64,16,512,576,512,1,1,64,20,462.70
H100-SXM-80GB,bfloat16,64,16,1024,576,512,1,1,64,26,703.72
H100-SXM-80GB,bfloat16,64,16,2048,576,512,1,1,64,40,930.23
H100-SXM-80GB,bfloat16,64,16,4096,576,512,1,1,64,52,1444.45
H100-SXM-80GB,bfloat16,64,16,8192,576,512,1,1,64,80,1876.57
H100-SXM-80GB,bfloat16,64,16,16384,576,512,1,1,64,130,2321.12
H100-SXM-80GB,bfloat16,64,16,32768,576,512,1,1,64,239,2524.87
H100-SXM-80GB,bfloat16,64,16,65536,576,512,1,1,64,449,2689.33
H100-SXM-80GB,bfloat16,64,16,131072,576,512,1,1,64,851,2837.74
H100-SXM-80GB,bfloat16,64,32,512,576,512,1,1,64,28,673.31
H100-SXM-80GB,bfloat16,64,32,1024,576,512,1,1,64,37,1015.60
H100-SXM-80GB,bfloat16,64,32,2048,576,512,1,1,64,49,1529.21
H100-SXM-80GB,bfloat16,64,32,4096,576,512,1,1,64,74,2017.87
H100-SXM-80GB,bfloat16,64,32,8192,576,512,1,1,64,127,2370.23
H100-SXM-80GB,bfloat16,64,32,16384,576,512,1,1,64,231,2610.55
H100-SXM-80GB,bfloat16,64,32,32768,576,512,1,1,64,458,2632.19
H100-SXM-80GB,bfloat16,64,32,65536,576,512,1,1,64,861,2804.54
H100-SXM-80GB,bfloat16,64,32,131072,576,512,1,1,64,1661,2907.93
H100-SXM-80GB,bfloat16,64,64,512,576,512,1,1,64,43,866.19
H100-SXM-80GB,bfloat16,64,64,1024,576,512,1,1,64,62,1200.54
H100-SXM-80GB,bfloat16,64,64,2048,576,512,1,1,64,77,1943.39
H100-SXM-80GB,bfloat16,64,64,4096,576,512,1,1,64,132,2280.34
H100-SXM-80GB,bfloat16,64,64,8192,576,512,1,1,64,236,2548.51
H100-SXM-80GB,bfloat16,64,64,16384,576,512,1,1,64,462,2610.87
H100-SXM-80GB,bfloat16,64,64,32768,576,512,1,1,64,870,2774.22
H100-SXM-80GB,bfloat16,64,64,65536,576,512,1,1,64,1675,2883.66
H100-SXM-80GB,bfloat16,64,64,131072,576,512,1,1,64,3237,2985.01
H100-SXM-80GB,bfloat16,64,128,512,576,512,1,1,64,42,1759.49
H100-SXM-80GB,bfloat16,64,128,1024,576,512,1,1,64,65,2309.10
H100-SXM-80GB,bfloat16,64,128,2048,576,512,1,1,64,114,2639.28
H100-SXM-80GB,bfloat16,64,128,4096,576,512,1,1,64,213,2830.30
H100-SXM-80GB,bfloat16,64,128,8192,576,512,1,1,64,415,2907.05
H100-SXM-80GB,bfloat16,64,128,16384,576,512,1,1,64,888,2720.42
H100-SXM-80GB,bfloat16,64,128,32768,576,512,1,1,64,1688,2861.33
H100-SXM-80GB,bfloat16,64,128,65536,576,512,1,1,64,3261,2963.27
H100-SXM-80GB,bfloat16,64,128,131072,576,512,1,1,64,6396,3021.49
H100-SXM-80GB,bfloat16,64,256,512,576,512,1,1,64,83,1800.79
H100-SXM-80GB,bfloat16,64,256,1024,576,512,1,1,64,129,2326.42
H100-SXM-80GB,bfloat16,64,256,2048,576,512,1,1,64,230,2618.83
H100-SXM-80GB,bfloat16,64,256,4096,576,512,1,1,64,433,2789.37
H100-SXM-80GB,bfloat16,64,256,8192,576,512,1,1,64,904,2669.91
H100-SXM-80GB,bfloat16,64,256,16384,576,512,1,1,64,1719,2810.65
H100-SXM-80GB,bfloat16,64,256,32768,576,512,1,1,64,3300,2927.56
H100-SXM-80GB,bfloat16,64,256,65536,576,512,1,1,64,6439,3001.44
H100-SXM-80GB,bfloat16,64,256,131072,576,512,1,1,64,12689,3046.14
H100-SXM-80GB,bfloat16,128,1,512,576,512,1,1,64,19,30.73
H100-SXM-80GB,bfloat16,128,1,1024,576,512,1,1,64,19,61.24
H100-SXM-80GB,bfloat16,128,1,2048,576,512,1,1,64,22,103.87
H100-SXM-80GB,bfloat16,128,1,4096,576,512,1,1,64,24,194.42
H100-SXM-80GB,bfloat16,128,1,8192,576,512,1,1,64,31,303.12
H100-SXM-80GB,bfloat16,128,1,16384,576,512,1,1,64,44,426.58
H100-SXM-80GB,bfloat16,128,1,32768,576,512,1,1,64,56,667.87
H100-SXM-80GB,bfloat16,128,1,65536,576,512,1,1,64,67,1112.85
H100-SXM-80GB,bfloat16,128,1,131072,576,512,1,1,64,103,1464.34
H100-SXM-80GB,bfloat16,128,2,512,576,512,1,1,64,19,61.44
H100-SXM-80GB,bfloat16,128,2,1024,576,512,1,1,64,19,120.14
H100-SXM-80GB,bfloat16,128,2,2048,576,512,1,1,64,21,221.74
H100-SXM-80GB,bfloat16,128,2,4096,576,512,1,1,64,26,350.44
H100-SXM-80GB,bfloat16,128,2,8192,576,512,1,1,64,34,550.42
H100-SXM-80GB,bfloat16,128,2,16384,576,512,1,1,64,58,643.64
H100-SXM-80GB,bfloat16,128,2,32768,576,512,1,1,64,71,1054.02
H100-SXM-80GB,bfloat16,128,2,65536,576,512,1,1,64,103,1458.61
H100-SXM-80GB,bfloat16,128,2,131072,576,512,1,1,64,161,1865.01
H100-SXM-80GB,bfloat16,128,4,512,576,512,1,1,64,19,122.96
H100-SXM-80GB,bfloat16,128,4,1024,576,512,1,1,64,20,233.00
H100-SXM-80GB,bfloat16,128,4,2048,576,512,1,1,64,25,367.23
H100-SXM-80GB,bfloat16,128,4,4096,576,512,1,1,64,33,561.71
H100-SXM-80GB,bfloat16,128,4,8192,576,512,1,1,64,50,754.20
H100-SXM-80GB,bfloat16,128,4,16384,576,512,1,1,64,62,1214.03
H100-SXM-80GB,bfloat16,128,4,32768,576,512,1,1,64,93,1608.98
H100-SXM-80GB,bfloat16,128,4,65536,576,512,1,1,64,155,1936.18
H100-SXM-80GB,bfloat16,128,4,131072,576,512,1,1,64,281,2143.40
H100-SXM-80GB,bfloat16,128,8,512,576,512,1,1,64,21,218.43
H100-SXM-80GB,bfloat16,128,8,1024,576,512,1,1,64,26,352.43
H100-SXM-80GB,bfloat16,128,8,2048,576,512,1,1,64,36,515.44
H100-SXM-80GB,bfloat16,128,8,4096,576,512,1,1,64,46,811.36
H100-SXM-80GB,bfloat16,128,8,8192,576,512,1,1,64,59,1261.90
H100-SXM-80GB,bfloat16,128,8,16384,576,512,1,1,64,87,1732.06
H100-SXM-80GB,bfloat16,128,8,32768,576,512,1,1,64,154,1949.85
H100-SXM-80GB,bfloat16,128,8,65536,576,512,1,1,64,280,2149.86
H100-SXM-80GB,bfloat16,128,8,131072,576,512,1,1,64,542,2226.87
H100-SXM-80GB,bfloat16,128,16,512,576,512,1,1,64,28,325.83
H100-SXM-80GB,bfloat16,128,16,1024,576,512,1,1,64,31,597.58
H100-SXM-80GB,bfloat16,128,16,2048,576,512,1,1,64,39,947.93
H100-SXM-80GB,bfloat16,128,16,4096,576,512,1,1,64,54,1392.12
H100-SXM-80GB,bfloat16,128,16,8192,576,512,1,1,64,84,1787.90
H100-SXM-80GB,bfloat16,128,16,16384,576,512,1,1,64,149,2019.65
H100-SXM-80GB,bfloat16,128,16,32768,576,512,1,1,64,290,2077.90
H100-SXM-80GB,bfloat16,128,16,65536,576,512,1,1,64,550,2195.26
H100-SXM-80GB,bfloat16,128,16,131072,576,512,1,1,64,1117,2162.81
H100-SXM-80GB,bfloat16,128,32,512,576,512,1,1,64,41,455.01
H100-SXM-80GB,bfloat16,128,32,1024,576,512,1,1,64,53,712.19
H100-SXM-80GB,bfloat16,128,32,2048,576,512,1,1,64,53,1409.96
H100-SXM-80GB,bfloat16,128,32,4096,576,512,1,1,64,86,1752.01
H100-SXM-80GB,bfloat16,128,32,8192,576,512,1,1,64,149,2019.58
H100-SXM-80GB,bfloat16,128,32,16384,576,512,1,1,64,295,2043.00
H100-SXM-80GB,bfloat16,128,32,32768,576,512,1,1,64,554,2176.61
H100-SXM-80GB,bfloat16,128,32,65536,576,512,1,1,64,1152,2096.74
H100-SXM-80GB,bfloat16,128,32,131072,576,512,1,1,64,2194,2201.74
H100-SXM-80GB,bfloat16,128,64,512,576,512,1,1,64,34,1079.27
H100-SXM-80GB,bfloat16,128,64,1024,576,512,1,1,64,46,1621.58
H100-SXM-80GB,bfloat16,128,64,2048,576,512,1,1,64,76,1961.66
H100-SXM-80GB,bfloat16,128,64,4096,576,512,1,1,64,143,2100.53
H100-SXM-80GB,bfloat16,128,64,8192,576,512,1,1,64,271,2226.73
H100-SXM-80GB,bfloat16,128,64,16384,576,512,1,1,64,597,2021.91
H100-SXM-80GB,bfloat16,128,64,32768,576,512,1,1,64,1145,2109.61
H100-SXM-80GB,bfloat16,128,64,65536,576,512,1,1,64,2160,2236.55
H100-SXM-80GB,bfloat16,128,64,131072,576,512,1,1,64,4123,2343.66
H100-SXM-80GB,bfloat16,128,128,512,576,512,1,1,64,60,1252.05
H100-SXM-80GB,bfloat16,128,128,1024,576,512,1,1,64,87,1725.01
H100-SXM-80GB,bfloat16,128,128,2048,576,512,1,1,64,160,1876.13
H100-SXM-80GB,bfloat16,128,128,4096,576,512,1,1,64,294,2048.01
H100-SXM-80GB,bfloat16,128,128,8192,576,512,1,1,64,601,2008.43
H100-SXM-80GB,bfloat16,128,128,16384,576,512,1,1,64,1103,2189.11
H100-SXM-80GB,bfloat16,128,128,32768,576,512,1,1,64,2153,2243.84
H100-SXM-80GB,bfloat16,128,128,65536,576,512,1,1,64,4212,2293.89
H100-SXM-80GB,bfloat16,128,128,131072,576,512,1,1,64,8760,2206.29
H100-SXM-80GB,bfloat16,128,256,512,576,512,1,1,64,126,1196.90
H100-SXM-80GB,bfloat16,128,256,1024,576,512,1,1,64,179,1684.70
H100-SXM-80GB,bfloat16,128,256,2048,576,512,1,1,64,318,1896.85
H100-SXM-80GB,bfloat16,128,256,4096,576,512,1,1,64,600,2010.52
H100-SXM-80GB,bfloat16,128,256,8192,576,512,1,1,64,1176,2054.35
H100-SXM-80GB,bfloat16,128,256,16384,576,512,1,1,64,2184,2212.03
H100-SXM-80GB,bfloat16,128,256,32768,576,512,1,1,64,4255,2271.06
H100-SXM-80GB,bfloat16,128,256,65536,576,512,1,1,64,8344,2316.23
H100-SXM-80GB,bfloat16,128,256,131072,576,512,1,1,64,17022,2270.75
